{
  "Type": "MagazineData",
  "Values": {
    "DisplayName": "10Round Magazine",
    "ShortName": "gm_10r",
    "IconName": "gm_10r",
    "StackSize": 6,
    "MagazineSize": 10,
    "Data": {
      "Type": "ProjectileData",
      "Values": {
        "BulletSpeed": 40.0,
        "HeadMultiplier": 2.25,
        "DamagePlayer": {
          "Keys": [
            {
              "Key": 0.0,
              "Value": 7.5
            },
            {
              "Key": 100.0,
              "Value": 7.0
            },
            {
              "Key": 150.0,
              "Value": 7.0
            }
          ]
        },
        "DamageLiving": {
          "Keys": [
            {
              "Key": 0.0,
              "Value": 7.5
            },
            {
              "Key": 100.0,
              "Value": 7.0
            },
            {
              "Key": 150.0,
              "Value": 6.5
            }
          ]
        }
      }
    }
  }
}