{
  "Type": "MagazineData",
  "Values": {
    "DisplayName": "30Round Magazine",
    "ShortName": "gm_30r",
    "IconName": "gm_30r",
    "StackSize": 2,
    "MagazineSize": 30,
    "Data": {
      "Type": "ProjectileData",
      "Values": {
        "BulletSpeed": 30.0,
        "ArmorPenetration": 1.0,
        "HeadMultiplier": 1.75,
        "DamagePlayer": {
          "Keys": [
            {
              "Key": 0.0,
              "Value": 4.75
            },
            {
              "Key": 40.0,
              "Value": 4.5
            },
            {
              "Key": 60.0,
              "Value": 4.0
            },
            {
              "Key": 100.0,
              "Value": 3.5
            }
          ]
        },
        "DamageLiving": {
          "Keys": [
            {
              "Key": 0.0,
              "Value": 4.75
            },
            {
              "Key": 40.0,
              "Value": 4.5
            },
            {
              "Key": 60.0,
              "Value": 4.0
            },
            {
              "Key": 100.0,
              "Value": 3.5
            }
          ]
        }
      }
    }
  }
}