{
  "Type": "MagazineData",
  "Values": {
    "DisplayName": "71Round Magazine",
    "ShortName": "gm_71r",
    "IconName": "gm_71r",
    "StackSize": 1,
    "MagazineSize": 71,
    "Data": {
      "Type": "ProjectileData",
      "Values": {
        "BulletSpeed": 18.0,
        "DamageLiving": {
          "Keys": [
            {
              "Key": 0.0,
              "Value": 0.0
            },
            {
              "Key": 0.15375,
              "Value": 0.01114285
            }
          ]
        }
      }
    }
  }
}