{
  "Type": "MagazineData",
  "Values": {
    "DisplayName": "Buckshot",
    "ShortName": "gm_buckshot",
    "IconName": "gm_bs",
    "StackSize": 35,
    "MagazineSize": 1,
    "Data": {
      "Type": "ProjectileData",
      "Values": {
        "Accuracy": 8.0,
        "AccuracyADS": 7.0,
        "AccuracySneak": {
          "Operator": "ADD",
          "Object": -2.0
        },
        "BulletSpeed": 15.0,
        "ShootCount": 8,
        "HeadMultiplier": 1.5,
        "DamagePlayer": {
          "Keys": [
            {
              "Key": 0.0,
              "Value": 1.75
            },
            {
              "Key": 20.0,
              "Value": 0.75
            }
          ]
        },
        "DamageLiving": {
          "Keys": [
            {
              "Key": 0.0,
              "Value": 1.75
            },
            {
              "Key": 40.0,
              "Value": 0.75
            }
          ]
        }
      }
    }
  }
}