{
  "Type": "MagazineData",
  "Values": {
    "DisplayName": "Slugshot",
    "ShortName": "gm_slugshot",
    "IconName": "gm_slgs",
    "StackSize": 35,
    "MagazineSize": 1,
    "Data": {
      "Type": "ProjectileData",
      "Values": {
        "Accuracy": 2.0,
        "AccuracyADS": 0.1,
        "AccuracySneak": {
          "Operator": "ADD",
          "Object": -0.05
        },
        "BulletSpeed": 15.0,
        "HeadMultiplier": 2.0,
        "DamagePlayer": {
          "Keys": [
            {
              "Key": 0.0,
              "Value": 8.0
            },
            {
              "Key": 60.0,
              "Value": 4.0
            }
          ]
        },
        "DamageLiving": {
          "Keys": [
            {
              "Key": 0.0,
              "Value": 8.0
            },
            {
              "Key": 60.0,
              "Value": 4.0
            }
          ]
        },
        "SoundHit": {
          "Type": "Sound",
          "Values": {}
        },
        "SoundShoot": {
          "Type": "Sound",
          "Values": {}
        },
        "SoundReload": {
          "Type": "Sound",
          "Values": {}
        }
      }
    }
  }
}