{
  "ITEM_INFO": {
    "shortName": "ar",
    "displayName": "AR",
    "iconName": "sample",
    "maxHealth": 0.0,
    "movementSpeed": 1.0,
    "knockbackResistance": 0.0,
    "attackDamage": 0.0
  },
  "BULLET_SPEED": 5.0,
  "PREPARE_TICK": 0,
  "RELOAD_TICK": 20,
  "RATE_TICK": 2,
  "FIREMODE": [
    "fullauto",
    "semiauto"
  ],
  "BULLET_POWER": 1,
  "BURST_RATE_TICK": 1,
  "BURST_BULLET_NUM": 3,
  "LOAD_NUM": 1,
  "ACCURACY": 0.0,
  "ACCURACY_ADS": 0.0,
  "RECOIL_DEFAULT": {
    "use": true,
    "yaw_base_max": 0.0,
    "yaw_spread_max": 0.0,
    "yaw_shake_max": 1.0,
    "yaw_base_min": 0.0,
    "yaw_spread_min": 0.4,
    "yaw_shake_min": 1.4,
    "yaw_recoil_tick": 0,
    "yaw_return_tick": 0,
    "pitch_base_max": 0.0,
    "pitch_spread_max": 0.0,
    "pitch_shake_max": 1.0,
    "pitch_base_min": 1.0,
    "pitch_spread_min": 0.3,
    "pitch_shake_min": 1.5,
    "pitch_recoil_tick": 3,
    "pitch_return_tick": 3,
    "recoilPower_tick": 0,
    "recoilPower_shoot": 0
  },
  "RECOIL_ADS": {
    "use": false,
    "yaw_base_max": 0.0,
    "yaw_spread_max": 0.0,
    "yaw_shake_max": 0.0,
    "yaw_base_min": 0.0,
    "yaw_spread_min": 0.0,
    "yaw_shake_min": 0.0,
    "yaw_recoil_tick": 0,
    "yaw_return_tick": 0,
    "pitch_base_max": 0.0,
    "pitch_spread_max": 0.0,
    "pitch_shake_max": 0.0,
    "pitch_base_min": 0.0,
    "pitch_spread_min": 0.0,
    "pitch_shake_min": 0.0,
    "pitch_recoil_tick": 0,
    "pitch_return_tick": 0,
    "recoilPower_tick": 0,
    "recoilPower_shoot": 0
  },
  "RECOIL_SNEAK": {
    "use": false,
    "yaw_base_max": 0.0,
    "yaw_spread_max": 0.0,
    "yaw_shake_max": 0.0,
    "yaw_base_min": 0.0,
    "yaw_spread_min": 0.0,
    "yaw_shake_min": 0.0,
    "yaw_recoil_tick": 0,
    "yaw_return_tick": 0,
    "pitch_base_max": 0.0,
    "pitch_spread_max": 0.0,
    "pitch_shake_max": 0.0,
    "pitch_base_min": 0.0,
    "pitch_spread_min": 0.0,
    "pitch_shake_min": 0.0,
    "pitch_recoil_tick": 0,
    "pitch_return_tick": 0,
    "recoilPower_tick": 0,
    "recoilPower_shoot": 0
  },
  "RECOIL_SNEAK_ADS": {
    "use": false,
    "yaw_base_max": 0.0,
    "yaw_spread_max": 0.0,
    "yaw_shake_max": 0.0,
    "yaw_base_min": 0.0,
    "yaw_spread_min": 0.0,
    "yaw_shake_min": 0.0,
    "yaw_recoil_tick": 0,
    "yaw_return_tick": 0,
    "pitch_base_max": 0.0,
    "pitch_spread_max": 0.0,
    "pitch_shake_max": 0.0,
    "pitch_base_min": 0.0,
    "pitch_spread_min": 0.0,
    "pitch_shake_min": 0.0,
    "pitch_recoil_tick": 0,
    "pitch_return_tick": 0,
    "recoilPower_tick": 0,
    "recoilPower_shoot": 0
  },
  "PLAYER_DAMAGE_ADD": 0.0,
  "PLAYER_DAMAGE_DIAMETER": 1.0,
  "LIVING_DAMAGE_ADD": 0.0,
  "LIVING_DAMAGE_DIAMETER": 1.0,
  "VEHICLE_DAMAGE_ADD": 0,
  "VEHICLE_DAMAGE_DIAMETER": 1.0,
  "AIRCRAFT_DAMAGE_ADD": 0,
  "AIRCRAFT_DAMAGE_DIAMETER": 1.0,
  "SOUND_SHOOT": {
    "name": "BARShoot",
    "range": 60.0,
    "vol": 1.0,
    "pitch": 1.0,
    "isDecay": true,
    "isDelay": true
  },
  "SOUND_RELOAD": {
    "name": "sample",
    "range": 10.0,
    "vol": 1.0,
    "pitch": 1.0,
    "isDecay": true,
    "isDelay": true
  },
  "BULLET_USE": [
    "bullet_0"
  ]
}