{
  "BULLET_SPEED": 39,
  "PREPARE_TICK": 0,
  "ADS_TICK": 0,
  "FOV_ZOOM_DIA": 1.2,
  "USE_SCOPE": true,
  "MODEL_SCOPE": false,
  "SCOPE_NAME": "",
  "SCOPE_SIZE": 0.7,
  "SCOPE_CENTER_X": 0.5,
  "SCOPE_CENTER_Y": 0.5,
  "SCOPE_DIA": 1.0,
  "RELOAD_TICK": 80,
  "RELOAD_ALL": true,
  "UNLOAD_IN_RELOADING": true,
  "USE_UNLOAD": true,
  "RPM": 450,
  "FIREMODE": [
    "fullauto",
    "semiauto"
  ],
  "BULLET_POWER": 1,
  "BURST_RPM": 800,
  "BURST_BULLET_NUM": 3,
  "LOAD_NUM": 1,
  "ACCURACY": 0.05,
  "ACCURACY_ADS": 0.05,
  "RECOIL_DEFAULT": {
    "USE": true,
    "MAX_YAW_BASE": 1.5,
    "MAX_YAW_SPREAD": -2,
    "MAX_YAW_RETURN": -0.5,
    "MIN_YAW_BASE": -1.5,
    "MIN_YAW_SPREAD": 2,
    "MIN_YAW_RETURN": 0.5,
    "YAW_RECOIL_TICK": 2,
    "YAW_RETURN_TICK": 8,
    "MAX_PITCH_BASE": 1.25,
    "MAX_PITCH_SPREAD": 1.0,
    "MAX_PITCH_RETURN": 0.0,
    "MIN_PITCH_BASE": 3.0,
    "MIN_PITCH_SPREAD": 0.75,
    "MIN_PITCH_RETURN": 0.2,
    "PITCH_RECOIL_TICK": 2,
    "PITCH_RETURN_TICK": 8,
    "POWER_TICK": 2,
    "POWER_SHOOT": 10
  },
  "RECOIL_ADS": {
    "USE": true,
    "MAX_YAW_BASE": 1.5,
    "MAX_YAW_SPREAD": -2,
    "MAX_YAW_RETURN": -0.5,
    "MIN_YAW_BASE": -1.5,
    "MIN_YAW_SPREAD": 2,
    "MIN_YAW_RETURN": 0.5,
    "YAW_RECOIL_TICK": 2,
    "YAW_RETURN_TICK": 8,
    "MAX_PITCH_BASE": 1.25,
    "MAX_PITCH_SPREAD": 1.0,
    "MAX_PITCH_RETURN": 0.0,
    "MIN_PITCH_BASE": 3.0,
    "MIN_PITCH_SPREAD": 0.75,
    "MIN_PITCH_RETURN": 0.2,
    "PITCH_RECOIL_TICK": 2,
    "PITCH_RETURN_TICK": 8,
    "POWER_TICK": 2,
    "POWER_SHOOT": 10
  },
  "RECOIL_SNEAK": {
    "USE": true,
    "MAX_YAW_BASE": -0.15,
    "MAX_YAW_SPREAD": 0.15,
    "MAX_YAW_RETURN": 0.15,
    "MIN_YAW_BASE": 0.15,
    "MIN_YAW_SPREAD": -0.15,
    "MIN_YAW_RETURN": -0.15,
    "YAW_RECOIL_TICK": 2,
    "YAW_RETURN_TICK": 8,
    "MAX_PITCH_BASE": 0.6,
    "MAX_PITCH_SPREAD": 1.5,
    "MAX_PITCH_RETURN": 0.5,
    "MIN_PITCH_BASE": 0.75,
    "MIN_PITCH_SPREAD": 0.25,
    "MIN_PITCH_RETURN": 0.2,
    "PITCH_RECOIL_TICK": 2,
    "PITCH_RETURN_TICK": 8,
    "POWER_TICK": 2,
    "POWER_SHOOT": 8
  },
  "RECOIL_SNEAK_ADS": {
    "USE": true,
    "MAX_YAW_BASE": -0.15,
    "MAX_YAW_SPREAD": 0.25,
    "MAX_YAW_RETURN": 0.15,
    "MIN_YAW_BASE": 0.15,
    "MIN_YAW_SPREAD": -0.25,
    "MIN_YAW_RETURN": -0.15,
    "YAW_RECOIL_TICK": 2,
    "YAW_RETURN_TICK": 8,
    "MAX_PITCH_BASE": 0.6,
    "MAX_PITCH_SPREAD": 1.5,
    "MAX_PITCH_RETURN": 0.5,
    "MIN_PITCH_BASE": 0.75,
    "MIN_PITCH_SPREAD": 0.25,
    "MIN_PITCH_RETURN": 0.2,
    "PITCH_RECOIL_TICK": 2,
    "PITCH_RETURN_TICK": 8,
    "POWER_TICK": 2,
    "POWER_SHOOT": 8
  },
  "PLAYER_DAMAGE_ADD": 0.0,
  "PLAYER_DAMAGE_DIAMETER": 1.0,
  "LIVING_DAMAGE_ADD": 0.0,
  "LIVING_DAMAGE_DIAMETER": 1.0,
  "VEHICLE_DAMAGE_ADD": 0,
  "VEHICLE_DAMAGE_DIAMETER": 1.0,
  "AIRCRAFT_DAMAGE_ADD": 0,
  "AIRCRAFT_DAMAGE_DIAMETER": 1.0,
  "SOUND_SHOOT": {
    "NAME": "F_BAR",
    "RANGE": 220.0,
    "VOL": 0.75,
    "PITCH": 1.0,
    "USE_DECAY": true,
    "USE_DELAY": true
  },
  "SOUND_RELOAD": {
    "NAME": "R_BAR",
    "RANGE": 10.0,
    "VOL": 1.0,
    "PITCH": 1.0,
    "USE_DECAY": true,
    "USE_DELAY": false
  },
  "MAGAZINE_USE": [
    "GM_20R"
  ],
  "USE_SECONDARY": false,
  "USE_DUALWIELD": false,
  "ITEM_DISPLAYNAME": "[SAW]M1918 BAR",
  "ITEM_SHORTNAME": "bar",
  "ITEM_ICONNAME": "gun_saw",
  "ITEM_MODELNAME": "modelbar",
  "ITEM_STACK_SIZE": 1,
  "ITEM_MAX_HEALTH": 0.0,
  "ITEM_MOVE_SPEED": 0.0,
  "ITEM_KNOCKBACK_RESISTANCE": 0.0,
  "ITEM_ATTACK_DAMAGE": 0.0
}