{
  "BULLET_SPEED": 37,
  "PREPARE_TICK": 0,
  "ADS_TICK": 0,
  "FOV_ZOOM_DIA": 1.2,
  "USE_SCOPE": false,
  "MODEL_SCOPE": false,
  "SCOPE_NAME": "",
  "SCOPE_SIZE": 0.7,
  "SCOPE_CENTER_X": 0.5,
  "SCOPE_CENTER_Y": 0.5,
  "SCOPE_DIA": 1.0,
  "RELOAD_TICK": 120,
  "RELOAD_ALL": true,
  "UNLOAD_IN_RELOADING": true,
  "USE_UNLOAD": true,
  "RPM": 1200,
  "FIREMODE": [
    "fullauto"
  ],
  "BULLET_POWER": 1,
  "BURST_RPM": 800,
  "BURST_BULLET_NUM": 3,
  "LOAD_NUM": 1,
  "ACCURACY": 0.05,
  "ACCURACY_ADS": 0.0,
  "RECOIL_DEFAULT": {
    "USE": true,
    "MAX_YAW_BASE": 2,
    "MAX_YAW_SPREAD": -2.5,
    "MAX_YAW_RETURN": 1,
    "MIN_YAW_BASE": -2,
    "MIN_YAW_SPREAD": 2.5,
    "MIN_YAW_RETURN": 1,
    "YAW_RECOIL_TICK": 2,
    "YAW_RETURN_TICK": 3,
    "MAX_PITCH_BASE": 0.25,
    "MAX_PITCH_SPREAD": 0.25,
    "MAX_PITCH_RETURN": 1,
    "MIN_PITCH_BASE": 2.25,
    "MIN_PITCH_SPREAD": 2.0,
    "MIN_PITCH_RETURN": 1,
    "PITCH_RECOIL_TICK": 2,
    "PITCH_RETURN_TICK": 3,
    "POWER_TICK": 2,
    "POWER_SHOOT": 6
  },
  "RECOIL_ADS": {
    "USE": true,
    "MAX_YAW_BASE": 1,
    "MAX_YAW_SPREAD": -2.5,
    "MAX_YAW_RETURN": 1,
    "MIN_YAW_BASE": -1,
    "MIN_YAW_SPREAD": 1,
    "MIN_YAW_RETURN": 1,
    "YAW_RECOIL_TICK": 2,
    "YAW_RETURN_TICK": 3,
    "MAX_PITCH_BASE": 0.25,
    "MAX_PITCH_SPREAD": 0.25,
    "MAX_PITCH_RETURN": 1,
    "MIN_PITCH_BASE": 2.25,
    "MIN_PITCH_SPREAD": 2.0,
    "MIN_PITCH_RETURN": 1,
    "PITCH_RECOIL_TICK": 2,
    "PITCH_RETURN_TICK": 3,
    "POWER_TICK": 2,
    "POWER_SHOOT": 6
  },
  "RECOIL_SNEAK": {
    "USE": true,
    "MAX_YAW_BASE": 0.15,
    "MAX_YAW_SPREAD": -0.15,
    "MAX_YAW_RETURN": 1,
    "MIN_YAW_BASE": -0.15,
    "MIN_YAW_SPREAD": 0.15,
    "MIN_YAW_RETURN": 1,
    "YAW_RECOIL_TICK": 1,
    "YAW_RETURN_TICK": 3,
    "MAX_PITCH_BASE": 0.25,
    "MAX_PITCH_SPREAD": 0.25,
    "MAX_PITCH_RETURN": 1,
    "MIN_PITCH_BASE": 0.50,
    "MIN_PITCH_SPREAD": 0.5,
    "MIN_PITCH_RETURN": 1,
    "PITCH_RECOIL_TICK": 1,
    "PITCH_RETURN_TICK": 3,
    "POWER_TICK": 2,
    "POWER_SHOOT": 8
  },
  "RECOIL_SNEAK_ADS": {
    "USE": true,
    "MAX_YAW_BASE": 0.15,
    "MAX_YAW_SPREAD": -0.15,
    "MAX_YAW_RETURN": 1,
    "MIN_YAW_BASE": -0.15,
    "MIN_YAW_SPREAD": 0.15,
    "MIN_YAW_RETURN": 1,
    "YAW_RECOIL_TICK": 1,
    "YAW_RETURN_TICK": 3,
    "MAX_PITCH_BASE": 0.25,
    "MAX_PITCH_SPREAD": 0.25,
    "MAX_PITCH_RETURN": 1,
    "MIN_PITCH_BASE": 0.50,
    "MIN_PITCH_SPREAD": 0.5,
    "MIN_PITCH_RETURN": 1,
    "PITCH_RECOIL_TICK": 1,
    "PITCH_RETURN_TICK": 3,
    "POWER_TICK": 2,
    "POWER_SHOOT": 8
  },
  "PLAYER_DAMAGE_ADD": 0.0,
  "PLAYER_DAMAGE_DIAMETER": 1.0,
  "LIVING_DAMAGE_ADD": 0.0,
  "LIVING_DAMAGE_DIAMETER": 1.0,
  "VEHICLE_DAMAGE_ADD": 0,
  "VEHICLE_DAMAGE_DIAMETER": 1.0,
  "AIRCRAFT_DAMAGE_ADD": 0,
  "AIRCRAFT_DAMAGE_DIAMETER": 1.0,
  "SOUND_SHOOT": {
    "NAME": "F_HMG01",
    "RANGE": 220.0,
    "VOL": 0.75,
    "PITCH": 1.0,
    "USE_DECAY": true,
    "USE_DELAY": false
  },
  "SOUND_RELOAD": {
    "NAME": "R_MG42",
    "RANGE": 10.0,
    "VOL": 1.0,
    "PITCH": 1.0,
    "USE_DECAY": true,
    "USE_DELAY": false
  },
  "MAGAZINE_USE": [
    "GM_50R"
  ],
  "USE_SECONDARY": false,
  "USE_DUALWIELD": false,
  "ITEM_DISPLAYNAME": "[GPMG]MG42",
  "ITEM_SHORTNAME": "mg42",
  "ITEM_ICONNAME": "gun_gpmg",
  "ITEM_MODELNAME": "modelmg42",
  "ITEM_STACK_SIZE": 1,
  "ITEM_MAX_HEALTH": 0.0,
  "ITEM_MOVE_SPEED": 0.0,
  "ITEM_KNOCKBACK_RESISTANCE": 0.0,
  "ITEM_ATTACK_DAMAGE": 0.0
}