{
  "BULLET_SPEED": 14,
  "PREPARE_TICK": 0,
  "ADS_TICK": 0,
  "FOV_ZOOM_DIA": 1.2,
  "USE_SCOPE": true,
  "MODEL_SCOPE": false,
  "SCOPE_NAME": "",
  "SCOPE_SIZE": 0.7,
  "SCOPE_CENTER_X": 0.5,
  "SCOPE_CENTER_Y": 0.5,
  "SCOPE_DIA": 1.05,
  "RELOAD_TICK": 16,
  "RELOAD_ALL": false,
  "UNLOAD_IN_RELOADING": true,
  "USE_UNLOAD": true,
  "RPM": 160,
  "FIREMODE": [
    "semiauto"
  ],
  "BULLET_POWER": 1,
  "BURST_RPM": 800,
  "BURST_BULLET_NUM": 3,
  "LOAD_NUM": 5,
  "ACCURACY": 1.0,
  "ACCURACY_ADS": 1.0,
  "RECOIL_DEFAULT": {
    "USE": true,
    "MAX_YAW_BASE": 0.0,
    "MAX_YAW_SPREAD": 0.0,
    "MAX_YAW_RETURN": 0.0,
    "MIN_YAW_BASE": 2,
    "MIN_YAW_SPREAD": 0.25,
    "MIN_YAW_RETURN": 1,
    "YAW_RECOIL_TICK": 1,
    "YAW_RETURN_TICK": 12,
    "MAX_PITCH_BASE": 6.0,
    "MAX_PITCH_SPREAD": 1.25,
    "MAX_PITCH_RETURN": 1.5,
    "MIN_PITCH_BASE": 15.75,
    "MIN_PITCH_SPREAD": 0.5,
    "MIN_PITCH_RETURN": 0.5,
    "PITCH_RECOIL_TICK": 1,
    "PITCH_RETURN_TICK": 12,
    "POWER_TICK": 2,
    "POWER_SHOOT": 6
  },
  "RECOIL_ADS": {
    "USE": false,
    "MAX_YAW_BASE": 0.0,
    "MAX_YAW_SPREAD": 0.0,
    "MAX_YAW_RETURN": 0.0,
    "MIN_YAW_BASE": 0.0,
    "MIN_YAW_SPREAD": 0.0,
    "MIN_YAW_RETURN": 0.0,
    "YAW_RECOIL_TICK": 0,
    "YAW_RETURN_TICK": 0,
    "MAX_PITCH_BASE": 0.0,
    "MAX_PITCH_SPREAD": 0.0,
    "MAX_PITCH_RETURN": 0.0,
    "MIN_PITCH_BASE": 0.0,
    "MIN_PITCH_SPREAD": 0.0,
    "MIN_PITCH_RETURN": 0.0,
    "PITCH_RECOIL_TICK": 0,
    "PITCH_RETURN_TICK": 0,
    "POWER_TICK": 0,
    "POWER_SHOOT": 0
  },
  "RECOIL_SNEAK": {
    "USE": true,
    "MAX_YAW_BASE": 0.0,
    "MAX_YAW_SPREAD": 0.0,
    "MAX_YAW_RETURN": 0.0,
    "MIN_YAW_BASE": 2,
    "MIN_YAW_SPREAD": 0.25,
    "MIN_YAW_RETURN": 1,
    "YAW_RECOIL_TICK": 1,
    "YAW_RETURN_TICK": 12,
    "MAX_PITCH_BASE": 5.0,
    "MAX_PITCH_SPREAD": 1.25,
    "MAX_PITCH_RETURN": 1.5,
    "MIN_PITCH_BASE": 8.75,
    "MIN_PITCH_SPREAD": 0.5,
    "MIN_PITCH_RETURN": 0.5,
    "PITCH_RECOIL_TICK": 1,
    "PITCH_RETURN_TICK": 12,
    "POWER_TICK": 2,
    "POWER_SHOOT": 6
  },
  "RECOIL_SNEAK_ADS": {
    "USE": true,
    "MAX_YAW_BASE": 0.0,
    "MAX_YAW_SPREAD": 0.0,
    "MAX_YAW_RETURN": 0.0,
    "MIN_YAW_BASE": 2,
    "MIN_YAW_SPREAD": 0.25,
    "MIN_YAW_RETURN": 1,
    "YAW_RECOIL_TICK": 1,
    "YAW_RETURN_TICK": 12,
    "MAX_PITCH_BASE": 5.0,
    "MAX_PITCH_SPREAD": 1.25,
    "MAX_PITCH_RETURN": 1.5,
    "MIN_PITCH_BASE": 8.75,
    "MIN_PITCH_SPREAD": 0.5,
    "MIN_PITCH_RETURN": 0.5,
    "PITCH_RECOIL_TICK": 1,
    "PITCH_RETURN_TICK": 12,
    "POWER_TICK": 2,
    "POWER_SHOOT": 6
  },
  "PLAYER_DAMAGE_ADD": -0.10,
  "PLAYER_DAMAGE_DIAMETER": 1.0,
  "LIVING_DAMAGE_ADD": -0.10,
  "LIVING_DAMAGE_DIAMETER": 1.0,
  "VEHICLE_DAMAGE_ADD": 0,
  "VEHICLE_DAMAGE_DIAMETER": 1.0,
  "AIRCRAFT_DAMAGE_ADD": 0,
  "AIRCRAFT_DAMAGE_DIAMETER": 1.0,
  "SOUND_SHOOT": {
    "NAME": "F_Auto5",
    "RANGE": 220.0,
    "VOL": 0.75,
    "PITCH": 1.0,
    "USE_DECAY": true,
    "USE_DELAY": false
  },
  "SOUND_RELOAD": {
    "NAME": "R_Auto5",
    "RANGE": 10.0,
    "VOL": 1.0,
    "PITCH": 1.0,
    "USE_DECAY": true,
    "USE_DELAY": true
  },
  "MAGAZINE_USE": [
    "GM_BS"
  ],
  "USE_SECONDARY": false,
  "USE_DUALWIELD": false,
  "ITEM_DISPLAYNAME": "[SG]Auto5",
  "ITEM_SHORTNAME": "auto5",
  "ITEM_ICONNAME": "gun_sg",
  "ITEM_MODELNAME": "modelauto5",
  "ITEM_STACK_SIZE": 1,
  "ITEM_MAX_HEALTH": 0.0,
  "ITEM_MOVE_SPEED": 0.0,
  "ITEM_KNOCKBACK_RESISTANCE": 0.0,
  "ITEM_ATTACK_DAMAGE": 0.0
}