{
  "BULLET_SPEED": 28,
  "PREPARE_TICK": 0,
  "ADS_TICK": 0,
  "FOV_ZOOM_DIA": 1.2,
  "USE_SCOPE": true,
  "MODEL_SCOPE": false,
  "SCOPE_NAME": "",
  "SCOPE_SIZE": 0.7,
  "SCOPE_CENTER_X": 0.5,
  "SCOPE_CENTER_Y": 0.5,
  "SCOPE_DIA": 2.0,
  "RELOAD_TICK": 60,
  "RELOAD_ALL": true,
  "UNLOAD_IN_RELOADING": true,
  "USE_UNLOAD": true,
  "RPM": 450,
  "FIREMODE": [
    "fullauto"
  ],
  "BULLET_POWER": 1,
  "BURST_RPM": 800,
  "BURST_BULLET_NUM": 3,
  "LOAD_NUM": 1,
  "ACCURACY": 1,
  "ACCURACY_ADS": 0.0,
  "RECOIL_DEFAULT": {
    "USE": true,
    "MAX_YAW_BASE": 0.0,
    "MAX_YAW_SPREAD": 0.0,
    "MAX_YAW_RETURN": 0.0,
    "MIN_YAW_BASE": 0.75,
    "MIN_YAW_SPREAD": 0.2,
    "MIN_YAW_RETURN": 0.2,
    "YAW_RECOIL_TICK": 2,
    "YAW_RETURN_TICK": 2,
    "MAX_PITCH_BASE": 1.0,
    "MAX_PITCH_SPREAD": 1.5,
    "MAX_PITCH_RETURN": 1.0,
    "MIN_PITCH_BASE": 3.25,
    "MIN_PITCH_SPREAD": 1.25,
    "MIN_PITCH_RETURN": 1,
    "PITCH_RECOIL_TICK": 2,
    "PITCH_RETURN_TICK": 2,
    "POWER_TICK": 2,
    "POWER_SHOOT": 10
  },
  "RECOIL_ADS": {
    "USE": false,
    "MAX_YAW_BASE": 0.0,
    "MAX_YAW_SPREAD": 0.0,
    "MAX_YAW_RETURN": 0.0,
    "MIN_YAW_BASE": 0.0,
    "MIN_YAW_SPREAD": 0.0,
    "MIN_YAW_RETURN": 0.0,
    "YAW_RECOIL_TICK": 0,
    "YAW_RETURN_TICK": 0,
    "MAX_PITCH_BASE": 0.0,
    "MAX_PITCH_SPREAD": 0.0,
    "MAX_PITCH_RETURN": 0.0,
    "MIN_PITCH_BASE": 0.0,
    "MIN_PITCH_SPREAD": 0.0,
    "MIN_PITCH_RETURN": 0.0,
    "PITCH_RECOIL_TICK": 0,
    "PITCH_RETURN_TICK": 0,
    "POWER_TICK": 0,
    "POWER_SHOOT": 0
  },
  "RECOIL_SNEAK": {
    "USE": false,
    "MAX_YAW_BASE": 0.0,
    "MAX_YAW_SPREAD": 0.0,
    "MAX_YAW_RETURN": 0.0,
    "MIN_YAW_BASE": 0.0,
    "MIN_YAW_SPREAD": 0.0,
    "MIN_YAW_RETURN": 0.0,
    "YAW_RECOIL_TICK": 0,
    "YAW_RETURN_TICK": 0,
    "MAX_PITCH_BASE": 0.0,
    "MAX_PITCH_SPREAD": 0.0,
    "MAX_PITCH_RETURN": 0.0,
    "MIN_PITCH_BASE": 0.0,
    "MIN_PITCH_SPREAD": 0.0,
    "MIN_PITCH_RETURN": 0.0,
    "PITCH_RECOIL_TICK": 0,
    "PITCH_RETURN_TICK": 0,
    "POWER_TICK": 0,
    "POWER_SHOOT": 0
  },
  "RECOIL_SNEAK_ADS": {
    "USE": false,
    "MAX_YAW_BASE": 0.0,
    "MAX_YAW_SPREAD": 0.0,
    "MAX_YAW_RETURN": 0.0,
    "MIN_YAW_BASE": 0.0,
    "MIN_YAW_SPREAD": 0.0,
    "MIN_YAW_RETURN": 0.0,
    "YAW_RECOIL_TICK": 0,
    "YAW_RETURN_TICK": 0,
    "MAX_PITCH_BASE": 0.0,
    "MAX_PITCH_SPREAD": 0.0,
    "MAX_PITCH_RETURN": 0.0,
    "MIN_PITCH_BASE": 0.0,
    "MIN_PITCH_SPREAD": 0.0,
    "MIN_PITCH_RETURN": 0.0,
    "PITCH_RECOIL_TICK": 0,
    "PITCH_RETURN_TICK": 0,
    "POWER_TICK": 0,
    "POWER_SHOOT": 0
  },
  "PLAYER_DAMAGE_ADD": -0.25,
  "PLAYER_DAMAGE_DIAMETER": 1.0,
  "LIVING_DAMAGE_ADD": -0.25,
  "LIVING_DAMAGE_DIAMETER": 1.0,
  "VEHICLE_DAMAGE_ADD": 0,
  "VEHICLE_DAMAGE_DIAMETER": 1.0,
  "AIRCRAFT_DAMAGE_ADD": 0,
  "AIRCRAFT_DAMAGE_DIAMETER": 1.0,
  "SOUND_SHOOT": {
    "NAME": "F_SMG04",
    "RANGE": 60.0,
    "VOL": 1.0,
    "PITCH": 1.0,
    "USE_DECAY": true,
    "USE_DELAY": false
  },
  "SOUND_RELOAD": {
    "NAME": "R_SMG08",
    "RANGE": 10.0,
    "VOL": 1.0,
    "PITCH": 1.0,
    "USE_DECAY": true,
    "USE_DELAY": true
  },
  "MAGAZINE_USE": [
    "GM_30R"
  ],
  "USE_SECONDARY": false,
  "USE_DUALWIELD": false,
  "ITEM_DISPLAYNAME": "[SMG]M3A1",
  "ITEM_SHORTNAME": "m3a1",
  "ITEM_ICONNAME": "gun_smg",
  "ITEM_MODELNAME": "modelm3a1",
  "ITEM_STACK_SIZE": 1,
  "ITEM_MAX_HEALTH": 0.0,
  "ITEM_MOVE_SPEED": 0.0,
  "ITEM_KNOCKBACK_RESISTANCE": 0.0,
  "ITEM_ATTACK_DAMAGE": 0.0
}