{
  "Type": "GunData",
  "Values": {
    "DisplayName": "[SMG]KP-/31",
    "ShortName": "kp31",
    "IconName": "gun_smg",
    "ModelName": "kp31",
    "Data": {
      "Type": "ProjectileData",
      "Values": {
        "Recoil": {
          "Type": "Recoil",
          "Values": {
            "Use": true,
            "HorizontalBase": {
              "Keys": [
                {
                  "Key": 0.0,
                  "Value": 0.7935869
                },
                {
                  "Key": 0.25792772,
                  "Value": 0.3469674
                },
                {
                  "Key": 0.7409499,
                  "Value": 0.1497047
                },
                {
                  "Key": 1.0,
                  "Value": 0.57490677
                }
              ]
            },
            "HorizontalSpread": {
              "Keys": [
                {
                  "Key": 0.0,
                  "Value": 1.002364
                },
                {
                  "Key": 0.21175,
                  "Value": 0.4333824
                },
                {
                  "Key": 0.91530013,
                  "Value": 0.98728484
                },
                {
                  "Key": 1.0,
                  "Value": 0.46925196
                }
              ]
            },
            "HorizontalRecoilTick": {
              "Keys": [
                {
                  "Key": 0.0,
                  "Value": 2.0
                }
              ]
            },
            "HorizontalReturnTick": {
              "Keys": [
                {
                  "Key": 0.0,
                  "Value": 9.0
                }
              ]
            },
            "VerticalBase": {
              "Keys": [
                {
                  "Key": 0.0,
                  "Value": 0.75
                },
                {
                  "Key": 0.17235719,
                  "Value": 1.027924
                },
                {
                  "Key": 0.85889715,
                  "Value": 1.75
                }
              ]
            },
            "VerticalSpread": {
              "Keys": [
                {
                  "Key": 0.0,
                  "Value": 0.0
                },
                {
                  "Key": 0.12384997,
                  "Value": 0.15300365
                },
                {
                  "Key": 1.0,
                  "Value": 0.56325305
                }
              ]
            },
            "VerticalReturn": {
              "Keys": [
                {
                  "Key": 0.0,
                  "Value": 0.25
                },
                {
                  "Key": 1.0,
                  "Value": 1.25
                }
              ]
            },
            "VerticalRecoilTick": {
              "Keys": [
                {
                  "Key": 0.0,
                  "Value": 2.0
                }
              ]
            },
            "VerticalReturnTick": {
              "Keys": [
                {
                  "Key": 0.0,
                  "Value": 9.0
                }
              ]
            },
            "PowerShoot": 0.1,
            "PowerTick": 0.02
          }
        },
        "RecoilADS": {
          "Type": "Recoil",
          "Values": {
            "Use": true
          }
        },
        "RecoilSneak": {
          "Type": "Recoil",
          "Values": {
            "HorizontalSpread": {
              "Operator": "ADD",
              "Object": {
                "Keys": [
                  {
                    "Key": 0.0,
                    "Value": -0.25
                  },
                  {
                    "Key": 1.0,
                    "Value": -0.5
                  }
                ]
              }
            }
          }
        },
        "Accuracy": 5.5,
        "AccuracyADS": 0.12,
        "AccuracySneak": {
          "Operator": "ADD",
          "Object": -0.04
        },
        "ReloadTick": 80,
        "RPM": 800,
        "BulletSpeed": {
          "Operator": "ADD",
          "Object": -2.0
        },
        "HeadMultiplier": 1.5,
        "SoundHit": {
          "Type": "Sound",
          "Values": {
            "Name": "bulletHit",
            "Range": 10.0
          }
        },
        "SoundShoot": {
          "Type": "Sound",
          "Values": {
            "Name": "F_SMG02",
            "Range": 50.0
          }
        },
        "SoundReload": {
          "Type": "Sound",
          "Values": {
            "Name": "R_PPSh41",
            "Range": 10.0
          }
        }
      }
    },
    "ItemMoveSpeed": -0.1,
    "PrepareTick": 4,
    "ADSTick": 4,
    "FOVZoom": 0.05,
    "FireMode": [
      "FULLAUTO",
      "SEMIAUTO"
    ],
    "UseMagazine": [
      "gm_71r"
    ]
  }
}