{
  "Type": "GunData",
  "Values": {
    "DisplayName": "[AR]BredaPG",
    "ShortName": "bredapg",
    "IconName": "gun_ar",
    "ModelName": "bredapg",
    "Data": {
      "Type": "ProjectileData",
      "Values": {
        "Recoil": {
          "Type": "Recoil",
          "Values": {
            "Use": true,
            "HorizontalBase": {
              "Keys": [
                {
                  "Key": 3.6602374E-5,
                  "Value": 0.68204606
                },
                {
                  "Key": 0.36077827,
                  "Value": 1.6392666
                },
                {
                  "Key": 0.71167576,
                  "Value": -0.40624145
                },
                {
                  "Key": 0.9878648,
                  "Value": 0.94370514
                }
              ]
            },
            "HorizontalSpread": {
              "Keys": [
                {
                  "Key": 0.0,
                  "Value": 2.0
                },
                {
                  "Key": 0.4929,
                  "Value": 1.0
                },
                {
                  "Key": 1.0,
                  "Value": 0.46925196
                }
              ]
            },
            "HorizontalRecoilTick": {
              "Keys": [
                {
                  "Key": 0.0,
                  "Value": 2.0
                }
              ]
            },
            "HorizontalReturnTick": {
              "Keys": [
                {
                  "Key": 0.0,
                  "Value": 9.0
                }
              ]
            },
            "VerticalBase": {
              "Keys": [
                {
                  "Key": 0.0,
                  "Value": 2.0
                },
                {
                  "Key": 0.26015007,
                  "Value": 2.75
                },
                {
                  "Key": 0.9819596,
                  "Value": 4.0
                }
              ]
            },
            "VerticalSpread": {
              "Keys": [
                {
                  "Key": 0.0,
                  "Value": 0.0
                },
                {
                  "Key": 1.0,
                  "Value": 0.56325305
                }
              ]
            },
            "VerticalReturn": {
              "Keys": [
                {
                  "Key": 0.0,
                  "Value": 0.25
                },
                {
                  "Key": 1.0,
                  "Value": 1.5
                }
              ]
            },
            "VerticalRecoilTick": {
              "Keys": [
                {
                  "Key": 0.0,
                  "Value": 2.0
                }
              ]
            },
            "VerticalReturnTick": {
              "Keys": [
                {
                  "Key": 0.0,
                  "Value": 9.0
                }
              ]
            },
            "PowerShoot": 0.1,
            "PowerTick": 0.02
          }
        },
        "RecoilADS": {
          "Type": "Recoil",
          "Values": {
            "Use": true,
            "HorizontalSpread": {
              "Keys": [
                {
                  "Key": 0.0,
                  "Value": 1.0
                }
              ]
            }
          }
        },
        "RecoilSneak": {
          "Type": "Recoil",
          "Values": {
            "HorizontalSpread": {
              "Operator": "ADD",
              "Object": {
                "Keys": [
                  {
                    "Key": 0.0,
                    "Value": -0.5
                  },
                  {
                    "Key": 1.0,
                    "Value": -1.0
                  }
                ]
              }
            },
            "VerticalBase": {
              "Operator": "ADD",
              "Object": {
                "Keys": [
                  {
                    "Key": 0.0,
                    "Value": -0.5
                  }
                ]
              }
            }
          }
        },
        "Accuracy": 5.5,
        "AccuracyADS": 0.02,
        "AccuracySneak": {
          "Operator": "ADD",
          "Object": -0.04
        },
        "ReloadTick": 65,
        "RPM": 200,
        "BurstRPM": 600,
        "BurstCount": 4,
        "BulletSpeed": {
          "Operator": "ADD",
          "Object": -2.0
        },
        "HeadMultiplier": 2.0,
        "SoundHit": {
          "Type": "Sound",
          "Values": {
            "Name": "bulletHit"
          }
        },
        "SoundShoot": {
          "Type": "Sound",
          "Values": {
            "Name": "F_BAR",
            "Range": 50.0
          }
        },
        "SoundReload": {
          "Type": "Sound",
          "Values": {
            "Name": "R_BAR",
            "Range": 10.0
          }
        }
      }
    },
    "ItemMoveSpeed": -0.1,
    "PrepareTick": 3,
    "ADSTick": 3,
    "FOVZoom": 0.05,
    "FireMode": [
      "BURST",
      "SEMIAUTO"
    ],
    "UseMagazine": [
      "gm_20r"
    ]
  }
}