{
  "Type": "GunData",
  "Values": {
    "DisplayName": "[AR]M2Carbine",
    "ShortName": "m2carbine",
    "IconName": "gun_ar",
    "ModelName": "m2carbine",
    "Data": {
      "Type": "ProjectileData",
      "Values": {
        "Recoil": {
          "Type": "Recoil",
          "Values": {
            "Use": true,
            "HorizontalBase": {
              "Keys": [
                {
                  "Key": 0.0,
                  "Value": 1.25
                },
                {
                  "Key": 0.48177755,
                  "Value": 0.18939659
                },
                {
                  "Key": 1.0,
                  "Value": 0.57490677
                }
              ]
            },
            "HorizontalSpread": {
              "Keys": [
                {
                  "Key": 0.0,
                  "Value": 3.0122569
                },
                {
                  "Key": 1.0,
                  "Value": 0.46925196
                }
              ]
            },
            "HorizontalRecoilTick": {
              "Keys": [
                {
                  "Key": 0.0,
                  "Value": 2.0
                }
              ]
            },
            "HorizontalReturnTick": {
              "Keys": [
                {
                  "Key": 0.0,
                  "Value": 9.0
                }
              ]
            },
            "VerticalBase": {
              "Keys": [
                {
                  "Key": 0.0,
                  "Value": 1.5036588
                },
                {
                  "Key": 0.29644996,
                  "Value": 2.313331
                },
                {
                  "Key": 1.0,
                  "Value": 2.868628
                }
              ]
            },
            "VerticalSpread": {
              "Keys": [
                {
                  "Key": 0.0,
                  "Value": 0.0
                },
                {
                  "Key": 0.014950003,
                  "Value": 0.026432656
                },
                {
                  "Key": 1.0,
                  "Value": 0.56325305
                }
              ]
            },
            "VerticalReturn": {
              "Keys": [
                {
                  "Key": 0.0,
                  "Value": 0.25
                },
                {
                  "Key": 1.0,
                  "Value": 1.5
                }
              ]
            },
            "VerticalRecoilTick": {
              "Keys": [
                {
                  "Key": 0.0,
                  "Value": 2.0
                }
              ]
            },
            "VerticalReturnTick": {
              "Keys": [
                {
                  "Key": 0.0,
                  "Value": 9.0
                }
              ]
            },
            "PowerShoot": 0.1,
            "PowerTick": 0.02
          }
        },
        "RecoilADS": {
          "Type": "Recoil",
          "Values": {
            "HorizontalSpread": {
              "Operator": "ADD",
              "Object": {
                "Keys": [
                  {
                    "Key": 0.0,
                    "Value": -1.0
                  },
                  {
                    "Key": 1.0,
                    "Value": 0.0
                  }
                ]
              }
            }
          }
        },
        "RecoilSneak": {
          "Type": "Recoil",
          "Values": {
            "HorizontalSpread": {
              "Operator": "ADD",
              "Object": {
                "Keys": [
                  {
                    "Key": 0.0041198987,
                    "Value": -0.25
                  },
                  {
                    "Key": 1.0,
                    "Value": -0.5
                  }
                ]
              }
            },
            "VerticalBase": {
              "Operator": "ADD",
              "Object": {
                "Keys": [
                  {
                    "Key": 0.0,
                    "Value": -0.5
                  }
                ]
              }
            }
          }
        },
        "Accuracy": 4.5,
        "AccuracyADS": 0.08,
        "AccuracySneak": {
          "Operator": "ADD",
          "Object": -0.04
        },
        "ReloadTick": 65,
        "RPM": 750,
        "BulletSpeed": {
          "Operator": "ADD",
          "Object": -2.0
        },
        "HeadMultiplier": 1.75,
        "DamagePlayer": {
          "Operator": "ADD",
          "Object": {
            "Keys": [
              {
                "Key": 0.0,
                "Value": -0.25
              }
            ]
          }
        },
        "DamageLiving": {
          "Operator": "ADD",
          "Object": {
            "Keys": [
              {
                "Key": 0.0,
                "Value": -0.25
              }
            ]
          }
        },
        "SoundHit": {
          "Type": "Sound",
          "Values": {
            "Name": "bulletHit"
          }
        },
        "SoundShoot": {
          "Type": "Sound",
          "Values": {
            "Name": "F_M2Carbine"
          }
        },
        "SoundReload": {
          "Type": "Sound",
          "Values": {
            "Name": "R_AR01"
          }
        }
      }
    },
    "ItemMoveSpeed": -0.05,
    "PrepareTick": 3,
    "ADSTick": 2,
    "FOVZoom": 0.05,
    "FireMode": [
      "FULLAUTO",
      "SEMIAUTO"
    ],
    "UseMagazine": [
      "gm_30r"
    ]
  }
}