{
  "Type": "GunData",
  "Values": {
    "DisplayName": "[BR]Type38",
    "ShortName": "type38kai",
    "IconName": "gun_sr",
    "ModelName": "type38",
    "Data": {
      "Type": "ProjectileData",
      "Values": {
        "Recoil": {
          "Type": "Recoil",
          "Values": {
            "Use": true,
            "HorizontalBase": {
              "Keys": [
                {
                  "Key": 0.006086381,
                  "Value": 0.41759214
                },
                {
                  "Key": 0.2475485,
                  "Value": -2.2986817
                },
                {
                  "Key": 0.7083496,
                  "Value": 2.1522896
                },
                {
                  "Key": 1.0,
                  "Value": -1.6250844
                }
              ]
            },
            "HorizontalSpread": {
              "Keys": [
                {
                  "Key": 0.0,
                  "Value": 2.0
                },
                {
                  "Key": 1.0,
                  "Value": 3.0
                }
              ]
            },
            "HorizontalReturn": {
              "Keys": [
                {
                  "Key": 0.0,
                  "Value": 1.1581467
                }
              ]
            },
            "HorizontalRecoilTick": {
              "Keys": [
                {
                  "Key": 0.0,
                  "Value": 2.0
                }
              ]
            },
            "HorizontalReturnTick": {
              "Keys": [
                {
                  "Key": 0.0,
                  "Value": 5.0
                }
              ]
            },
            "VerticalBase": {
              "Keys": [
                {
                  "Key": 0.009075,
                  "Value": 12.0
                }
              ]
            },
            "VerticalSpread": {
              "Keys": [
                {
                  "Key": 0.003025,
                  "Value": 1.0
                }
              ]
            },
            "VerticalReturn": {
              "Keys": [
                {
                  "Key": 0.0,
                  "Value": 0.5
                }
              ]
            },
            "VerticalRecoilTick": {
              "Keys": [
                {
                  "Key": 0.0,
                  "Value": 2.0
                }
              ]
            },
            "VerticalReturnTick": {
              "Keys": [
                {
                  "Key": 0.0,
                  "Value": 5.0
                }
              ]
            },
            "PowerShoot": 1.0,
            "PowerTick": 0.5
          }
        },
        "RecoilSneak": {
          "Type": "Recoil",
          "Values": {
            "HorizontalSpread": {
              "Operator": "ADD",
              "Object": {
                "Keys": [
                  {
                    "Key": 0.0,
                    "Value": -0.75
                  }
                ]
              }
            },
            "VerticalBase": {
              "Operator": "ADD",
              "Object": {
                "Keys": [
                  {
                    "Key": 0.0,
                    "Value": -2.5
                  }
                ]
              }
            }
          }
        },
        "Accuracy": 4.0,
        "AccuracyADS": 0.5,
        "AccuracySneak": {
          "Operator": "ADD",
          "Object": -0.5
        },
        "ReloadTick": 70,
        "RPM": 30,
        "HeadMultiplier": 2.0,
        "SoundHit": {
          "Type": "Sound",
          "Values": {
            "Name": "bulletHit",
            "Range": 50.0
          }
        },
        "SoundShoot": {
          "Type": "Sound",
          "Values": {
            "Name": "F_Type38",
            "Range": 50.0
          }
        },
        "SoundReload": {
          "Type": "Sound",
          "Values": {
            "Name": "R_MosinNagant",
            "Range": 10.0
          }
        }
      }
    },
    "ItemMoveSpeed": -0.1,
    "PrepareTick": 3,
    "ADSTick": 3,
    "FOVZoom": 2.0,
    "FireMode": [
      "SEMIAUTO"
    ],
    "UseMagazine": [
      "gm_5r_fmj",
      "gm_5r_hp"
    ]
  }
}