{
  "Type": "GunData",
  "Values": {
    "DisplayName": "[MMG]MG42",
    "ShortName": "mg42",
    "IconName": "gun_mmg",
    "ModelName": "mg42",
    "Data": {
      "Type": "ProjectileData",
      "Values": {
        "Recoil": {
          "Type": "Recoil",
          "Values": {
            "Use": true,
            "HorizontalBase": {
              "Keys": [
                {
                  "Key": 0.00605,
                  "Value": 2.0
                },
                {
                  "Key": 0.25792772,
                  "Value": -1.5166448
                },
                {
                  "Key": 0.849191,
                  "Value": 2.3992417
                },
                {
                  "Key": 1.0,
                  "Value": 0.012859015
                }
              ]
            },
            "HorizontalSpread": {
              "Keys": [
                {
                  "Key": 0.0,
                  "Value": 1.6062804
                },
                {
                  "Key": 0.21780017,
                  "Value": 2.0177302
                },
                {
                  "Key": 0.76405036,
                  "Value": 3.6293821
                },
                {
                  "Key": 1.0,
                  "Value": 8.035198
                }
              ]
            },
            "HorizontalRecoilTick": {
              "Keys": [
                {
                  "Key": 0.0,
                  "Value": 2.0
                }
              ]
            },
            "HorizontalReturnTick": {
              "Keys": [
                {
                  "Key": 0.0,
                  "Value": 9.0
                }
              ]
            },
            "VerticalBase": {
              "Keys": [
                {
                  "Key": 0.0,
                  "Value": 1.3617268
                },
                {
                  "Key": 0.5516894,
                  "Value": 2.4320862
                },
                {
                  "Key": 1.0,
                  "Value": 3.7149358
                }
              ]
            },
            "VerticalSpread": {
              "Keys": [
                {
                  "Key": 0.0,
                  "Value": 0.0
                },
                {
                  "Key": 0.12384997,
                  "Value": 0.15300365
                },
                {
                  "Key": 1.0,
                  "Value": 0.3543182
                }
              ]
            },
            "VerticalReturn": {
              "Keys": [
                {
                  "Key": 0.0,
                  "Value": 0.25
                },
                {
                  "Key": 1.0,
                  "Value": 1.25
                }
              ]
            },
            "VerticalRecoilTick": {
              "Keys": [
                {
                  "Key": 0.0,
                  "Value": 2.0
                }
              ]
            },
            "VerticalReturnTick": {
              "Keys": [
                {
                  "Key": 0.0,
                  "Value": 9.0
                }
              ]
            },
            "PowerShoot": 1.0,
            "PowerTick": 0.3
          }
        },
        "RecoilADS": {
          "Type": "Recoil",
          "Values": {
            "Use": true,
            "HorizontalSpread": {
              "Keys": [
                {
                  "Key": 0.0,
                  "Value": 1.0
                },
                {
                  "Key": 0.20642954,
                  "Value": 1.0821649
                },
                {
                  "Key": 0.59042394,
                  "Value": 1.4785246
                },
                {
                  "Key": 0.9525428,
                  "Value": 2.2098908
                }
              ]
            }
          }
        },
        "RecoilSneak": {
          "Type": "Recoil",
          "Values": {
            "Use": true,
            "HorizontalSpread": {
              "Operator": "ADD",
              "Object": {
                "Keys": [
                  {
                    "Key": 0.0,
                    "Value": 1.0
                  },
                  {
                    "Key": 1.0,
                    "Value": -1.0
                  }
                ]
              }
            }
          }
        },
        "Accuracy": 6.5,
        "AccuracyADS": {
          "Operator": "ADD",
          "Object": -3.0
        },
        "AccuracySneak": {
          "Operator": "ADD",
          "Object": -3.0
        },
        "ReloadTick": 105,
        "RPM": 1200,
        "BulletSpeed": {
          "Operator": "ADD",
          "Object": -3.0
        },
        "HeadMultiplier": 2.0,
        "SoundHit": {
          "Type": "Sound",
          "Values": {
            "Name": "bulletHit",
            "Range": 10.0
          }
        },
        "SoundShoot": {
          "Type": "Sound",
          "Values": {
            "Name": "F_HMG01",
            "Range": 50.0
          }
        },
        "SoundReload": {
          "Type": "Sound",
          "Values": {
            "Name": "R_MG42",
            "Range": 10.0
          }
        }
      }
    },
    "ItemMoveSpeed": -0.3,
    "PrepareTick": 6,
    "ADSTick": 6,
    "FOVZoom": 0.05,
    "FireMode": [
      "FULLAUTO"
    ],
    "UseMagazine": [
      "gm_50r"
    ]
  }
}