{
  "Type": "GunData",
  "Values": {
    "DisplayName": "[SAR]M1D Garand",
    "ShortName": "m1d",
    "IconName": "gun_sar",
    "ModelName": "m1d",
    "Data": {
      "Type": "ProjectileData",
      "Values": {
        "Recoil": {
          "Type": "Recoil",
          "Values": {
            "Use": true,
            "HorizontalBase": {
              "Keys": [
                {
                  "Key": 0.006086381,
                  "Value": 0.41759214
                },
                {
                  "Key": 0.2475485,
                  "Value": -2.2986817
                },
                {
                  "Key": 0.7083496,
                  "Value": 2.1522896
                },
                {
                  "Key": 1.0,
                  "Value": -1.6250844
                }
              ]
            },
            "HorizontalSpread": {
              "Keys": [
                {
                  "Key": 0.0,
                  "Value": 0.94225556
                },
                {
                  "Key": 0.30855015,
                  "Value": 1.1744277
                },
                {
                  "Key": 1.0,
                  "Value": 2.357688
                }
              ]
            },
            "HorizontalRecoilTick": {
              "Keys": [
                {
                  "Key": 0.0,
                  "Value": 1.0
                }
              ]
            },
            "HorizontalReturnTick": {
              "Keys": [
                {
                  "Key": 0.0,
                  "Value": 5.0
                }
              ]
            },
            "VerticalBase": {
              "Keys": [
                {
                  "Key": 0.0,
                  "Value": 8.0
                },
                {
                  "Key": 0.60992664,
                  "Value": 5.3401165
                },
                {
                  "Key": 1.0,
                  "Value": 4.787194
                }
              ]
            },
            "VerticalSpread": {
              "Keys": [
                {
                  "Key": 0.0,
                  "Value": 5.0
                }
              ]
            },
            "VerticalReturn": {
              "Keys": [
                {
                  "Key": 0.0,
                  "Value": 0.75
                },
                {
                  "Key": 1.0,
                  "Value": 2.0
                }
              ]
            },
            "VerticalRecoilTick": {
              "Keys": [
                {
                  "Key": 0.0,
                  "Value": 1.0
                }
              ]
            },
            "VerticalReturnTick": {
              "Keys": [
                {
                  "Key": 0.0,
                  "Value": 5.0
                }
              ]
            },
            "PowerShoot": 0.1,
            "PowerTick": 0.03
          }
        },
        "Accuracy": 5.5,
        "AccuracyADS": 0.02,
        "AccuracySneak": {
          "Operator": "ADD",
          "Object": -0.02
        },
        "ReloadTick": 60,
        "RPM": 200,
        "HeadMultiplier": 2.25,
        "SoundHit": {
          "Type": "Sound",
          "Values": {
            "Name": "bulletHit",
            "Range": 50.0
          }
        },
        "SoundShoot": {
          "Type": "Sound",
          "Values": {
            "Name": "F_SVT40",
            "Range": 50.0
          }
        },
        "SoundReload": {
          "Type": "Sound",
          "Values": {
            "Name": "R_SVT40",
            "Range": 10.0
          }
        }
      }
    },
    "ItemMoveSpeed": -0.05,
    "PrepareTick": 3,
    "ADSTick": 3,
    "FOVZoom": 1.0,
    "UseScope": true,
    "ScopeName": "8xScope",
    "FireMode": [
      "SEMIAUTO"
    ],
    "UseMagazine": [
      "gm_10r"
    ]
  }
}