{
  "Type": "GunData",
  "Values": {
    "DisplayName": "[SG]M97 TrenchGun",
    "ShortName": "m1897",
    "IconName": "gun_sg",
    "ModelName": "m1897",
    "Data": {
      "Type": "ProjectileData",
      "Values": {
        "Recoil": {
          "Type": "Recoil",
          "Values": {
            "Use": true,
            "HorizontalBase": {
              "Keys": [
                {
                  "Key": 0.006086381,
                  "Value": 0.41759214
                },
                {
                  "Key": 0.2475485,
                  "Value": -2.2986817
                },
                {
                  "Key": 0.7083496,
                  "Value": 2.1522896
                },
                {
                  "Key": 1.0,
                  "Value": -1.6250844
                }
              ]
            },
            "HorizontalSpread": {
              "Keys": [
                {
                  "Key": 0.0,
                  "Value": 2.7321982
                },
                {
                  "Key": 0.36300007,
                  "Value": 2.2108471
                },
                {
                  "Key": 1.0,
                  "Value": 1.2751113
                }
              ]
            },
            "HorizontalRecoilTick": {
              "Keys": [
                {
                  "Key": 0.0,
                  "Value": 2.0
                }
              ]
            },
            "HorizontalReturnTick": {
              "Keys": [
                {
                  "Key": 0.0,
                  "Value": 5.0
                }
              ]
            },
            "VerticalBase": {
              "Keys": [
                {
                  "Key": 0.023429459,
                  "Value": 12.317769
                },
                {
                  "Key": 0.31166688,
                  "Value": 10.504292
                },
                {
                  "Key": 0.5328055,
                  "Value": 10.417882
                }
              ]
            },
            "VerticalSpread": {
              "Keys": [
                {
                  "Key": 1.8626451E-9,
                  "Value": 1.5012878
                }
              ]
            },
            "VerticalReturn": {
              "Keys": [
                {
                  "Key": 0.0,
                  "Value": 0.5
                },
                {
                  "Key": 1.0,
                  "Value": 2.0
                }
              ]
            },
            "VerticalRecoilTick": {
              "Keys": [
                {
                  "Key": 0.0,
                  "Value": 2.0000012
                }
              ]
            },
            "VerticalReturnTick": {
              "Keys": [
                {
                  "Key": 0.0,
                  "Value": 8.0
                }
              ]
            },
            "PowerShoot": 0.1,
            "PowerTick": 0.03
          }
        },
        "Accuracy": {
          "Operator": "ADD",
          "Object": -1.0
        },
        "AccuracyADS": {
          "Operator": "ADD",
          "Object": -1.0
        },
        "AccuracySneak": {
          "Operator": "ADD",
          "Object": -0.02
        },
        "ReloadTick": 15,
        "RPM": 80,
        "SoundHit": {
          "Type": "Sound",
          "Values": {
            "Name": "bulletHit",
            "Range": 20.0
          }
        },
        "SoundShoot": {
          "Type": "Sound",
          "Values": {
            "Name": "F_M1897",
            "Range": 50.0
          }
        },
        "SoundReload": {
          "Type": "Sound",
          "Values": {
            "Name": "R_M1897",
            "Range": 10.0
          }
        }
      }
    },
    "ItemMoveSpeed": -0.1,
    "PrepareTick": 3,
    "ADSTick": 3,
    "FOVZoom": 1.0,
    "LoadSize": 5,
    "FireMode": [
      "FULLAUTO",
      "SEMIAUTO"
    ],
    "UseMagazine": [
      "gm_slugshot",
      "gm_buckshot"
    ]
  }
}