{
  "Type": "GunData",
  "Values": {
    "DisplayName": "[SMG]M3A1",
    "ShortName": "m3a1",
    "IconName": "gun_smg",
    "ModelName": "m3a1",
    "Data": {
      "Type": "ProjectileData",
      "Values": {
        "Recoil": {
          "Type": "Recoil",
          "Values": {
            "Use": true,
            "HorizontalBase": {
              "Keys": [
                {
                  "Key": 0.0,
                  "Value": 1.3043258
                },
                {
                  "Key": 0.28817785,
                  "Value": -0.025544647
                },
                {
                  "Key": 1.0,
                  "Value": 0.5
                }
              ]
            },
            "HorizontalSpread": {
              "Keys": [
                {
                  "Key": 0.0,
                  "Value": 2.0
                },
                {
                  "Key": 1.0,
                  "Value": 0.46925196
                }
              ]
            },
            "HorizontalRecoilTick": {
              "Keys": [
                {
                  "Key": 0.0,
                  "Value": 2.0
                }
              ]
            },
            "HorizontalReturnTick": {
              "Keys": [
                {
                  "Key": 0.0,
                  "Value": 9.0
                }
              ]
            },
            "VerticalBase": {
              "Keys": [
                {
                  "Key": 0.0,
                  "Value": 2.25
                },
                {
                  "Key": 0.29644996,
                  "Value": 3.35
                },
                {
                  "Key": 1.0,
                  "Value": 3.75
                }
              ]
            },
            "VerticalSpread": {
              "Keys": [
                {
                  "Key": 0.0,
                  "Value": 0.0
                },
                {
                  "Key": 0.014950003,
                  "Value": 0.026432656
                },
                {
                  "Key": 1.0,
                  "Value": 1.563253
                }
              ]
            },
            "VerticalReturn": {
              "Keys": [
                {
                  "Key": 0.0,
                  "Value": 0.5
                },
                {
                  "Key": 1.0,
                  "Value": 1.0
                }
              ]
            },
            "VerticalRecoilTick": {
              "Keys": [
                {
                  "Key": 0.0,
                  "Value": 2.0
                }
              ]
            },
            "VerticalReturnTick": {
              "Keys": [
                {
                  "Key": 0.0,
                  "Value": 9.0
                }
              ]
            },
            "PowerShoot": 0.1,
            "PowerTick": 0.03
          }
        },
        "RecoilADS": {
          "Type": "Recoil",
          "Values": {
            "HorizontalSpread": {
              "Keys": [
                {
                  "Key": 0.0,
                  "Value": 1.0
                }
              ]
            }
          }
        },
        "RecoilSneak": {
          "Type": "Recoil",
          "Values": {
            "HorizontalSpread": {
              "Operator": "ADD",
              "Object": {
                "Keys": [
                  {
                    "Key": 0.0041198987,
                    "Value": -0.25
                  },
                  {
                    "Key": 1.0,
                    "Value": -0.5
                  }
                ]
              }
            },
            "VerticalBase": {
              "Operator": "ADD",
              "Object": {
                "Keys": [
                  {
                    "Key": 0.0,
                    "Value": -0.5
                  }
                ]
              }
            }
          }
        },
        "Accuracy": 4.0,
        "AccuracyADS": 0.2,
        "AccuracySneak": {
          "Operator": "ADD",
          "Object": -0.04
        },
        "ReloadTick": 60,
        "RPM": 450,
        "BulletSpeed": {
          "Operator": "ADD",
          "Object": -15.0
        },
        "HeadMultiplier": 1.5,
        "DamagePlayer": {
          "Operator": "ADD",
          "Object": {
            "Keys": [
              {
                "Key": 0.0,
                "Value": 0.5
              }
            ]
          }
        },
        "DamageLiving": {
          "Operator": "ADD",
          "Object": {
            "Keys": [
              {
                "Key": 0.0,
                "Value": 0.5
              }
            ]
          }
        },
        "SoundHit": {
          "Type": "Sound",
          "Values": {
            "Name": "bulletHit"
          }
        },
        "SoundShoot": {
          "Type": "Sound",
          "Values": {
            "Name": "F_SMG04"
          }
        },
        "SoundReload": {
          "Type": "Sound",
          "Values": {
            "Name": "R_SMG08"
          }
        }
      }
    },
    "ItemMoveSpeed": -0.05,
    "PrepareTick": 3,
    "ADSTick": 2,
    "FOVZoom": 0.05,
    "FireMode": [
      "FULLAUTO",
      "SEMIAUTO"
    ],
    "UseMagazine": [
      "gm_30r"
    ]
  }
}