{
  "rootBone": {
    "children": [],
    "models": [
      {
        "partName": "",
        "defaultModel": "gunModel",
        "item_model": {}
      },
      {
        "partName": "",
        "defaultModel": "defaultBarrelModel",
        "item_model": {}
      },
      {
        "partName": "",
        "defaultModel": "defaultStockModel",
        "item_model": {}
      },
      {
        "partName": "",
        "defaultModel": "defaultGripModel",
        "item_model": {}
      },
      {
        "partName": "",
        "defaultModel": "slideModel",
        "item_model": {}
      },
      {
        "partName": "",
        "defaultModel": "ammoModel",
        "item_model": {}
      }
    ],
    "script": ""
  },
  "scaleX": 0.35,
  "texture": "type38kai",
  "offset" : {
    "X":6.5,
    "Y":7,
    "Z":0.5
  },
  "offsetFirstPerson" : {
    "X":-3,
    "Y":-0.5,
    "Z":0
  }
}