{
  "rootBone": {
    "children": [],
    "models": [
      {
        "partName": "",
        "defaultModel": "gunModel",
        "item_model": {}
      },
      {
        "partName": "",
        "defaultModel": "defaultBarrelModel",
        "item_model": {}
      },
      {
        "partName": "",
        "defaultModel": "defaultStockModel",
        "item_model": {}
      },
      {
        "partName": "",
        "defaultModel": "defaultGripModel",
        "item_model": {}
      },
      {
        "partName": "",
        "defaultModel": "slideModel",
        "item_model": {}
      },
      {
        "partName": "",
        "defaultModel": "ammoModel",
        "item_model": {}
      }
    ],
    "script": ""
  },
  "scaleX": 1.05,
  "texture": "m3a1",
  "offset" : {
    "X":2.0,
    "Y":3.5,
    "Z":0.5
  },
  "offsetFirstPerson" : {
    "X":-3.0,
    "Y":0,
    "Z":0
  }
}