{
  "ITEM_INFO": {
    "shortName": "bullet_0",
    "displayName": "New Bullet No.0",
    "iconName": "sample",
    "maxHealth": 0.0,
    "movementSpeed": 1.0,
    "knockbackResistance": 0.0,
    "attackDamage": 0.0
  },
  "MAGAZINE_SIZE": 50,
  "STACK_SIZE": 16,
  "BULLET_LIFE": 600,
  "BULLET_POWER": 1,
  "SHOOT_NUM": 1,
  "MAGAZINE_BREAK": true,
  "HIT_DAMAGE_PLAYER": 0.0,
  "HIT_DAMAGE_LIVING": 0.0,
  "HIT_DAMAGE_TANK": 0,
  "HIT_DAMAGE_AIR": 0,
  "HIT_KNOCKBACK_PLAYER": 0.0,
  "HIT_KNOCKBACK_LIVING": 0.0,
  "HIT_KNOCKBACK_TANK": 0.0,
  "HIT_KNOCKBACK_AIR": 0.0,
  "EXP_ON_HIT_ENTITY": false,
  "EXP_ON_HIT_GROUND": true,
  "EXP_ON_TIMEOUT": false,
  "EXP_RANGE": 5,
  "EXP_DAMAGE_BASE_PLAYER": 10.0,
  "EXP_DAMAGE_COE_PLAYER": 0.0,
  "EXP_DAMAGE_BASE_LIVING": 10.0,
  "EXP_DAMAGE_COE_LIVING": 0.0,
  "EXP_DAMAGE_BASE_TANK": 0,
  "EXP_DAMAGE_COE_TANK": 0,
  "EXP_DAMAGE_BASE_AIR": 0,
  "EXP_DAMAGE_COE_AIR": 0,
  "EXP_KNOCKACK_BASE_PLAYER": 0.0,
  "EXP_KNOCKACK_COE_PLAYER": 0.0,
  "EXP_KNOCKACK_BASE_LIVING": 0.0,
  "EXP_KNOCKACK_COE_LIVING": 0.0,
  "EXP_KNOCKACK_BASE_TANK": 0.0,
  "EXP_KNOCKACK_COE_TANK": 0.0,
  "EXP_KNOCKACK_BASE_AIR": 0.0,
  "EXP_KNOCKACK_COE_AIR": 0.0,
  "DECAY_DAMAGE_START_PLAYER": 0.0,
  "DECAY_DAMAGE_COE_PLAYER": 0.0,
  "DECAY_DAMAGE_MAX_PLAYER": 0.0,
  "DECAY_DAMAGE_START_LIVING": 0.0,
  "DECAY_DAMAGE_COE_LIVING": 0.0,
  "DECAY_DAMAGE_MAX_LIVING": 0.0,
  "SOUND_HIT_GROUND": {
    "name": "sample",
    "range": 8.0,
    "vol": 1.0,
    "pitch": 1.0,
    "isDecay": true,
    "isDelay": true
  },
  "SOUND_HIT_ENTITY": {
    "name": "sample",
    "range": 8.0,
    "vol": 1.0,
    "pitch": 1.0,
    "isDecay": true,
    "isDelay": true
  },
  "SOUND_PASSING_USE": {
    "name": "sample",
    "range": 8.0,
    "vol": 1.0,
    "pitch": 1.0,
    "isDecay": true,
    "isDelay": true
  },
  "GRAVITY_USE": false,
  "THROUGH_BLOCK": [],
  "THROUGH_ENTITY": []
}