{
  "Type": "MagazineData",
  "Values": {
    "DisplayName": "20Round Magazine",
    "ShortName": "gm_20r",
    "IconName": "gm_20r",
    "StackSize": 4,
    "MagazineSize": 20,
    "Data": {
      "Type": "ProjectileData",
      "Values": {
        "BulletSpeed": 40.0,
        "HeadMultiplier": 2.0,
        "DamagePlayer": {
          "Keys": [
            {
              "Key": 0.0,
              "Value": 5.75
            },
            {
              "Key": 80.0,
              "Value": 5.0
            },
            {
              "Key": 120.0,
              "Value": 4.0
            }
          ]
        },
        "DamageLiving": {
          "Keys": [
            {
              "Key": 0.0,
              "Value": 5.75
            },
            {
              "Key": 80.0,
              "Value": 5.0
            },
            {
              "Key": 120.0,
              "Value": 4.0
            }
          ]
        }
      }
    }
  }
}