{
  "Type": "MagazineData",
  "Values": {
    "DisplayName": "50Round Magazine",
    "ShortName": "gm_50r",
    "IconName": "gm_50r",
    "StackSize": 2,
    "MagazineSize": 50,
    "Data": {
      "Type": "ProjectileData",
      "Values": {
        "BulletSpeed": 40.0,
        "DamagePlayer": {
          "Keys": [
            {
              "Key": 0.0,
              "Value": 5.5
            },
            {
              "Key": 120.0,
              "Value": 4.75
            }
          ]
        },
        "DamageLiving": {
          "Keys": [
            {
              "Key": 0.0,
              "Value": 7.5
            },
            {
              "Key": 120.0,
              "Value": 6.5
            }
          ]
        }
      }
    }
  }
}