{
  "Type": "MagazineData",
  "Values": {
    "DisplayName": "71Round Magazine",
    "ShortName": "gm_71r",
    "IconName": "gm_71r",
    "StackSize": 2,
    "MagazineSize": 71,
    "Data": {
      "Type": "ProjectileData",
      "Values": {
        "BulletSpeed": 18.0,
        "DamagePlayer": {
          "Keys": [
            {
              "Key": 0.0,
              "Value": 4.0
            },
            {
              "Key": 30.0,
              "Value": 3.75
            },
            {
              "Key": 60.0,
              "Value": 3.0
            }
          ]
        },
        "DamageLiving": {
          "Keys": [
            {
              "Key": 0.0,
              "Value": 4.0
            },
            {
              "Key": 30.0,
              "Value": 3.75
            },
            {
              "Key": 60.0,
              "Value": 3.0
            }
          ]
        }
      }
    }
  }
}