{
  "Type": "MagazineData",
  "Values": {
    "DisplayName": "[FMJ]5Round Clip",
    "ShortName": "gm_5r_fmj",
    "IconName": "gm_5r",
    "StackSize": 8,
    "MagazineSize": 5,
    "Data": {
      "Type": "ProjectileData",
      "Values": {
        "BulletSpeed": 40.0,
        "DamagePlayer": {
          "Keys": [
            {
              "Key": 0.0,
              "Value": 9.0
            },
            {
              "Key": 100.0,
              "Value": 8.75
            },
            {
              "Key": 150.0,
              "Value": 8.0
            }
          ]
        },
        "DamageLiving": {
          "Keys": [
            {
              "Key": 0.0,
              "Value": 9.0
            },
            {
              "Key": 100.0,
              "Value": 8.75
            },
            {
              "Key": 150.0,
              "Value": 8.0
            }
          ]
        }
      }
    }
  }
}