{
  "Type": "MagazineData",
  "Values": {
    "DisplayName": "[HP]5Round Clip",
    "ShortName": "gm_5r_hp",
    "IconName": "gm_5r",
    "StackSize": 8,
    "MagazineSize": 5,
    "Data": {
      "Type": "ProjectileData",
      "Values": {
        "BulletSpeed": 20.0,
        "HeadMultiplier": 1.7,
        "DamagePlayer": {
          "Keys": [
            {
              "Key": 0.0,
              "Value": 14.0
            },
            {
              "Key": 50.0,
              "Value": 9.5
            },
            {
              "Key": 80.0,
              "Value": 7.5
            },
            {
              "Key": 150.0,
              "Value": 6.5
            }
          ]
        },
        "DamageLiving": {
          "Keys": [
            {
              "Key": 0.0,
              "Value": 14.0
            },
            {
              "Key": 50.0,
              "Value": 10.064821
            },
            {
              "Key": 70.0,
              "Value": 7.5
            },
            {
              "Key": 100.0,
              "Value": 6.5
            }
          ]
        }
      }
    }
  }
}