{
  "Type": "MagazineData",
  "Values": {
    "DisplayName": "Anti-Tank Rifle Cartridge",
    "ShortName": "gm_atrc",
    "IconName": "gm_atrc",
    "StackSize": 16,
    "MagazineSize": 1,
    "Data": {
      "Type": "ProjectileData",
      "Values": {
        "DamagePlayer": {
          "Keys": [
            {
              "Key": 0.0,
              "Value": 14.0
            }
          ]
        },
        "DamageLiving": {
          "Keys": [
            {
              "Key": 0.0,
              "Value": 14.0
            }
          ]
        }
      }
    }
  }
}