{
  "MAGAZINE_SIZE": 1,
  "MAGAZINE_BREAK": true,
  "USE_BULLETDATA": true,
  "BULLETDATA": {
    "BULLET_NAME": "GM_BS",
    "BULLET_LIFE": 600,
    "BULLET_POWER": 1,
    "SHOOT_NUM": 10,
    "HIT_IGNORING_ARMOR": false,
    "HIT_DAMAGE_HEAD": 2,
    "HIT_DAMAGE_PLAYER": 1,
    "HIT_DAMAGE_LIVING": 1,
    "HIT_DAMAGE_TANK": 0,
    "HIT_DAMAGE_AIR": 0,
    "HIT_KNOCKBACK_PLAYER": 0.0,
    "HIT_KNOCKBACK_LIVING": 0.0,
    "HIT_KNOCKBACK_TANK": 0.0,
    "HIT_KNOCKBACK_AIR": 0.0,
    "EXP_ON_HIT_ENTITY": {
      "RANGE": 0.0,
      "SOUND": {
        "NAME": "minecraft:random.explode",
        "RANGE": 50.0,
        "VOL": 1.0,
        "PITCH": 1.0,
        "USE_DECAY": true,
        "USE_DELAY": true
      },
      "DAMAGE_BASE_PLAYER": 0.0,
      "DAMAGE_COE_PLAYER": 0.0,
      "DAMAGE_BASE_LIVING": 0.0,
      "DAMAGE_COE_LIVING": 0.0,
      "DAMAGE_BASE_TANK": 0,
      "DAMAGE_COE_TANK": 0,
      "DAMAGE_BASE_AIR": 0,
      "DAMAGE_COE_AIR": 0,
      "KNOCKBACK_BASE_PLAYER": 0.0,
      "KNOCKBACK_COE_PLAYER": 0.0,
      "KNOCKBACK_BASE_LIVING": 0.0,
      "KNOCKBACK_COE_LIVING": 0.0,
      "KNOCKBACK_BASE_TANK": 0.0,
      "KNOCKBACK_COE_TANK": 0.0,
      "KNOCKBACK_BASE_AIR": 0.0,
      "KNOCKBACK_COE_AIR": 0.0
    },
    "EXP_ON_HIT_GROUND": {
      "RANGE": 0.0,
      "SOUND": {
        "NAME": "minecraft:random.explode",
        "RANGE": 50.0,
        "VOL": 1.0,
        "PITCH": 1.0,
        "USE_DECAY": true,
        "USE_DELAY": true
      },
      "DAMAGE_BASE_PLAYER": 0.0,
      "DAMAGE_COE_PLAYER": 0.0,
      "DAMAGE_BASE_LIVING": 0.0,
      "DAMAGE_COE_LIVING": 0.0,
      "DAMAGE_BASE_TANK": 0,
      "DAMAGE_COE_TANK": 0,
      "DAMAGE_BASE_AIR": 0,
      "DAMAGE_COE_AIR": 0,
      "KNOCKBACK_BASE_PLAYER": 0.0,
      "KNOCKBACK_COE_PLAYER": 0.0,
      "KNOCKBACK_BASE_LIVING": 0.0,
      "KNOCKBACK_COE_LIVING": 0.0,
      "KNOCKBACK_BASE_TANK": 0.0,
      "KNOCKBACK_COE_TANK": 0.0,
      "KNOCKBACK_BASE_AIR": 0.0,
      "KNOCKBACK_COE_AIR": 0.0
    },
    "EXP_ON_TIMEOUT": {
      "RANGE": 0.0,
      "SOUND": {
        "NAME": "minecraft:random.explode",
        "RANGE": 50.0,
        "VOL": 1.0,
        "PITCH": 1.0,
        "USE_DECAY": true,
        "USE_DELAY": true
      },
      "DAMAGE_BASE_PLAYER": 0.0,
      "DAMAGE_COE_PLAYER": 0.0,
      "DAMAGE_BASE_LIVING": 0.0,
      "DAMAGE_COE_LIVING": 0.0,
      "DAMAGE_BASE_TANK": 0,
      "DAMAGE_COE_TANK": 0,
      "DAMAGE_BASE_AIR": 0,
      "DAMAGE_COE_AIR": 0,
      "KNOCKBACK_BASE_PLAYER": 0.0,
      "KNOCKBACK_COE_PLAYER": 0.0,
      "KNOCKBACK_BASE_LIVING": 0.0,
      "KNOCKBACK_COE_LIVING": 0.0,
      "KNOCKBACK_BASE_TANK": 0.0,
      "KNOCKBACK_COE_TANK": 0.0,
      "KNOCKBACK_BASE_AIR": 0.0,
      "KNOCKBACK_COE_AIR": 0.0
    },
    "DECAY_DAMAGE_START_PLAYER": 20.0,
    "DECAY_DAMAGE_COE_PLAYER": 0.25,
    "DECAY_DAMAGE_MAX_PLAYER": 0.5,
    "DECAY_DAMAGE_START_LIVING": 20.0,
    "DECAY_DAMAGE_COE_LIVING": 0.25,
    "DECAY_DAMAGE_MAX_LIVING": 0.5,
    "SOUND_HIT_GROUND": {
      "NAME": "sample",
      "RANGE": 8.0,
      "VOL": 1.0,
      "PITCH": 1.0,
      "USE_DECAY": true,
      "USE_DELAY": true
    },
    "SOUND_HIT_ENTITY": {
      "NAME": "sample",
      "RANGE": 8.0,
      "VOL": 1.0,
      "PITCH": 1.0,
      "USE_DECAY": true,
      "USE_DELAY": true
    },
    "SOUND_PASSING": {
      "NAME": "sample",
      "RANGE": 8.0,
      "VOL": 1.0,
      "PITCH": 1.0,
      "USE_DECAY": true,
      "USE_DELAY": true
    },
    "THROUGH_BLOCK": [],
    "THROUGH_ENTITY": []
  },
  "ITEM_DISPLAYNAME": "[G]BuckShotShell",
  "ITEM_SHORTNAME": "gm_bs",
  "ITEM_ICONNAME": "gm_bs",
  "ITEM_STACK_SIZE": 35,
  "ITEM_MAX_HEALTH": 0.0,
  "ITEM_MOVE_SPEED": 0.0,
  "ITEM_KNOCKBACK_RESISTANCE": 0.0,
  "ITEM_ATTACK_DAMAGE": 0.0
}