{
  "Type": "GunData",
  "Values": {
    "DisplayName": "[ATR]PTRD-41",
    "ShortName": "ptrd41",
    "IconName": "gun_atr",
    "ModelName": "ptrd41",
    "Data": {
      "Type": "ProjectileData",
      "Values": {
        "Recoil": {
          "Type": "Recoil",
          "Values": {
            "HorizontalBase": {
              "Keys": [
                {
                  "Key": 0.0,
                  "Value": 0.0
                }
              ]
            },
            "HorizontalSpread": {
              "Keys": [
                {
                  "Key": 0.0,
                  "Value": 20.0
                }
              ]
            },
            "HorizontalReturn": {
              "Keys": [
                {
                  "Key": 0.0,
                  "Value": 0.65
                }
              ]
            },
            "HorizontalRecoilTick": {
              "Keys": [
                {
                  "Key": 0.0,
                  "Value": 2.0
                }
              ]
            },
            "HorizontalReturnTick": {
              "Keys": [
                {
                  "Key": 0.0,
                  "Value": 12.0
                }
              ]
            },
            "VerticalBase": {
              "Keys": [
                {
                  "Key": 0.0,
                  "Value": 25.0
                }
              ]
            },
            "VerticalSpread": {
              "Keys": [
                {
                  "Key": 0.0,
                  "Value": 2.0
                }
              ]
            },
            "VerticalReturn": {
              "Keys": [
                {
                  "Key": 0.0,
                  "Value": 0.5
                }
              ]
            },
            "VerticalRecoilTick": {
              "Keys": [
                {
                  "Key": 0.0,
                  "Value": 2.0
                }
              ]
            },
            "VerticalReturnTick": {
              "Keys": [
                {
                  "Key": 0.00605,
                  "Value": 12.0
                }
              ]
            },
            "PowerShoot": 1.0,
            "PowerTick": 0.6
          }
        },
        "Accuracy": 1.0,
        "AccuracyADS": 0.05,
        "AccuracySneak": {
          "Operator": "ADD",
          "Object": -0.02
        },
        "ReloadTick": 45,
        "RPM": 12,
        "BulletSpeed": 50.0,
        "DamageLiving": {
          "Keys": [
            {
              "Key": 0.0,
              "Value": 14.0
            },
            {
              "Key": 0.066025,
              "Value": 0.0068214536
            }
          ]
        },
        "SoundShoot": {
          "Type": "Sound",
          "Values": {
            "Name": "F_PTRS41"
          }
        },
        "SoundReload": {
          "Type": "Sound",
          "Values": {
            "Name": "R_PTRS41"
          }
        }
      }
    },
    "ItemMoveSpeed": -1.0,
    "PrepareTick": 6,
    "ADSTick": 10
  }
}