{
  "rootBone": {
    "children": [],
    "models": [
      {
        "partName": "",
        "defaultModel": "gunModel",
        "item_model": {}
      },
      {
        "partName": "",
        "defaultModel": "defaultBarrelModel",
        "item_model": {}
      },
      {
        "partName": "",
        "defaultModel": "defaultStockModel",
        "item_model": {}
      },
      {
        "partName": "",
        "defaultModel": "defaultGripModel",
        "item_model": {}
      },
      {
        "partName": "",
        "defaultModel": "slideModel",
        "item_model": {}
      },
      {
        "partName": "",
        "defaultModel": "ammoModel",
        "item_model": {}
      }
    ],
    "script": ""
  },
  "scaleX": 0.95,
  "texture": "kp31",
  "offset" : {
    "X":0,
    "Y":2.5,
    "Z":1
  },
  "offsetFirstPerson" : {
    "X":-2,
    "Y":-1,
    "Z":0
  }
}