{
  "rootBone": {
    "children": [],
    "models": [
      {
        "partName": "",
        "defaultModel": "gunModel",
        "item_model": {}
      },
      {
        "partName": "",
        "defaultModel": "defaultBarrelModel",
        "item_model": {}
      },
      {
        "partName": "",
        "defaultModel": "defaultStockModel",
        "item_model": {}
      },
      {
        "partName": "",
        "defaultModel": "defaultGripModel",
        "item_model": {}
      },
      {
        "partName": "",
        "defaultModel": "slideModel",
        "item_model": {}
      },
      {
        "partName": "",
        "defaultModel": "ammoModel",
        "item_model": {}
      }
    ],
    "script": ""
  },
  "scaleX": 0.525,
  "texture": "mg42",
  "offset" : {
    "X":5.5,
    "Y":1,
    "Z":0.5
  },
  "offsetFirstPerson" : {
    "X":0.5,
    "Y":-2,
    "Z":0
  }
}